{"cameraMode":{"drawMode":0,"name":"Shaded","section":"Shading Mode"},"sceneLighting":true,"audioPlay":false,"sceneViewState":{"showFog":true,"showMaterialUpdate":false,"showSkybox":true,"showFlares":true,"showImageEffects":true,"showParticleSystems":true},"in2DMode":false,"pivot":{"x":-2.226747512817383,"y":1.1828570365905762,"z":-5.393400192260742},"rotation":{"x":-0.16898690164089204,"y":0.009458441287279129,"z":-0.0016230879118666053,"w":-0.985571563243866},"size":0.5926049947738648,"orthographic":false}