{"cameraMode":{"drawMode":0,"name":"Shaded","section":"Shading Mode"},"sceneLighting":true,"audioPlay":false,"sceneViewState":{"showFog":true,"showMaterialUpdate":false,"showSkybox":true,"showFlares":true,"showImageEffects":true,"showParticleSystems":true},"in2DMode":false,"pivot":{"x":-2.226747512817383,"y":1.1828570365905762,"z":-5.393400192260742},"rotation":{"x":-0.19312924146652223,"y":0.33840084075927737,"z":-0.07117779552936554,"w":-0.9182155132293701},"size":0.5926049947738648,"orthographic":false}