{"cameraMode":{"drawMode":0,"name":"Shaded","section":"Shading Mode"},"sceneLighting":true,"audioPlay":false,"sceneViewState":{"showFog":true,"showMaterialUpdate":false,"showSkybox":true,"showFlares":true,"showImageEffects":true,"showParticleSystems":true},"in2DMode":false,"pivot":{"x":-2.5035815238952638,"y":0.47919708490371706,"z":-5.070457458496094},"rotation":{"x":0.2635321617126465,"y":0.06575970351696015,"z":-0.017890485003590585,"w":0.9622403383255005},"size":6.520418167114258,"orthographic":false}