{"cameraMode":{"drawMode":0,"name":"Shaded","section":"Shading Mode"},"sceneLighting":false,"audioPlay":false,"sceneViewState":{"showFog":true,"showMaterialUpdate":false,"showSkybox":false,"showFlares":true,"showImageEffects":true,"showParticleSystems":true},"in2DMode":false,"pivot":{"x":0.0,"y":0.2500000596046448,"z":-2.9802322387695315e-8},"rotation":{"x":-0.15472494065761567,"y":-0.10883477330207825,"z":0.017161209136247636,"w":-0.9817946553230286},"size":1.2016109228134156,"orthographic":false}